service_id,service_name,category,unit_price,description
S001,Logo Design,Design,1500,Professional vector logo design with full brand kit and source files
S002,Poster Design,Design,800,High-resolution print and digital promotional event poster
S003,Social Media Post,Marketing,500,Custom branded graphic for Instagram LinkedIn or Facebook
S004,Promotional Video,Video,5000,Full HD promotional brand video with motion graphics and soundtrack
S005,Website Development,Development,15000,Custom responsive 5-page modern business website
S006,Landing Page,Development,7000,High-converting single page product or campaign landing page
S007,Product Photography,Photography,3000,Studio product photoshoot with high-end color grading
S008,Video Editing,Video,2500,Audio leveling cutting B-roll insertion and cinematic color grade
S009,Brochure Design,Design,1200,Bi-fold or tri-fold company promotional brochure with print specs
S010,Social Media Management,Marketing,8000,Monthly management of 3 social channels with weekly posting
